EID,Title,URL
670292511,"Our Big Announcement | 2 Bears, 1 Cave","https://pdst.fm/e/pscrb.fm/rss/p/pfx.vpixl.com/u8u9X/clrtpod.com/m/mgln.ai/e/1118/arttrk.com/p/YMH00/traffic.megaphone.fm/YMH5515083724.mp3?updated=1707079325"
668536773,"Does Katt Williams Hate Us? | 2 Bears, 1 Cave","https://pdst.fm/e/pscrb.fm/rss/p/pfx.vpixl.com/u8u9X/clrtpod.com/m/mgln.ai/e/1118/arttrk.com/p/YMH00/traffic.megaphone.fm/YMH4119896240.mp3?updated=1706211644"
666728763,"In Love with Weed w/ Jake Johnson | 2 Bears, 1 Cave","https://pdst.fm/e/pscrb.fm/rss/p/pfx.vpixl.com/u8u9X/clrtpod.com/m/mgln.ai/e/1118/arttrk.com/p/YMH00/traffic.megaphone.fm/YMH1914851438.mp3?updated=1705700266"
664886727,"F1 Is Wild w/ Ryan Sickler | 2 Bears, 1 Cave","https://pdst.fm/e/pscrb.fm/rss/p/pfx.vpixl.com/u8u9X/clrtpod.com/m/mgln.ai/e/1118/arttrk.com/p/YMH00/traffic.megaphone.fm/YMH4482996751.mp3?updated=1705004157"
663153501,"Praying for Laughs w/ Jessica Kirson | 2 Bears, 1 Cave Ep. 218","https://pdst.fm/e/pscrb.fm/rss/p/pfx.vpixl.com/u8u9X/clrtpod.com/m/mgln.ai/e/1118/arttrk.com/p/YMH00/traffic.megaphone.fm/YMH6023104309.mp3?updated=1704392145"
661510943,"Calling Comics for 2 Bears 5K | 2 Bears, 1 Cave Ep. 217","https://pdst.fm/e/pscrb.fm/rss/p/pfx.vpixl.com/u8u9X/clrtpod.com/m/mgln.ai/e/1118/arttrk.com/p/YMH00/traffic.megaphone.fm/YMH9241804028.mp3?updated=1704746886"
661493487,"Charitable Endeavors | 2 Bears, 1 Cave Ep. 216","https://pdst.fm/e/pscrb.fm/rss/p/pfx.vpixl.com/u8u9X/clrtpod.com/m/mgln.ai/e/1118/arttrk.com/p/YMH00/traffic.megaphone.fm/YMH1327393350.mp3?updated=1704306434"
661493485,"Stavros Halkias | 2 Bears, 1 Cave Ep. 215","https://pdst.fm/e/pscrb.fm/rss/p/pfx.vpixl.com/u8u9X/clrtpod.com/m/mgln.ai/e/1118/arttrk.com/p/YMH00/traffic.megaphone.fm/YMH9573617335.mp3?updated=1704749553"
661493483,"2 Bears vs 2 Kelces | 2 Bears, 1 Cave Ep. 214","https://pdst.fm/e/pscrb.fm/rss/p/pfx.vpixl.com/u8u9X/clrtpod.com/m/mgln.ai/e/1118/arttrk.com/p/YMH00/traffic.megaphone.fm/YMH5107582644.mp3?updated=1704750126"
661493481,"What Kind of Car is Your Wife? | 2 Bears, 1 Cave Ep. 213","https://pdst.fm/e/pscrb.fm/rss/p/pfx.vpixl.com/u8u9X/clrtpod.com/m/mgln.ai/e/1118/arttrk.com/p/YMH00/traffic.megaphone.fm/YMH2619401666.mp3?updated=1704750273"
661493479,"The Bears Are Back | 2 Bears, 1 Cave Ep. 212","https://pdst.fm/e/pscrb.fm/rss/p/pfx.vpixl.com/u8u9X/clrtpod.com/m/mgln.ai/e/1118/arttrk.com/p/YMH00/traffic.megaphone.fm/YMH7211407816.mp3?updated=1704750488"
661493477,"The Crazy World of Steve-O | 2 Bears, 1 Cave Ep. 211","https://pdst.fm/e/pscrb.fm/rss/p/pfx.vpixl.com/u8u9X/clrtpod.com/m/mgln.ai/e/1118/arttrk.com/p/YMH00/traffic.megaphone.fm/YMH4355754346.mp3?updated=1704750718"
661493475,"Bombing In Front Of De Niro w/ Colin Quinn | 2 Bears, 1 Cave Ep. 210","https://pdst.fm/e/pscrb.fm/rss/p/pfx.vpixl.com/u8u9X/clrtpod.com/m/mgln.ai/e/1118/arttrk.com/p/YMH00/traffic.megaphone.fm/YMH5345562206.mp3?updated=1704750730"
661493473,"John Stamos Was Bullied For His Looks | 2 Bears, 1 Cave Ep. 209","https://pdst.fm/e/pscrb.fm/rss/p/pfx.vpixl.com/u8u9X/clrtpod.com/m/mgln.ai/e/1118/arttrk.com/p/YMH00/traffic.megaphone.fm/YMH9409626046.mp3?updated=1704750970"
661493472,"The Dark Side of Clean Comedy w/ Sam Morril | 2 Bears, 1 Cave Ep. 208","https://pdst.fm/e/pscrb.fm/rss/p/pfx.vpixl.com/u8u9X/clrtpod.com/m/mgln.ai/e/1118/arttrk.com/p/YMH00/traffic.megaphone.fm/YMH2443787764.mp3?updated=1722361575"
661493470,"The Rise of Matt Rife | 2 Bears, 1 Cave Ep. 207","https://pdst.fm/e/pscrb.fm/rss/p/pfx.vpixl.com/u8u9X/clrtpod.com/m/mgln.ai/e/1118/arttrk.com/p/YMH00/traffic.megaphone.fm/YMH4298122869.mp3?updated=1704751130"
661493468,"What Will Make Bert Less Fat? w/ Layne Norton | 2 Bears, 1 Cave Ep. 206","https://pdst.fm/e/pscrb.fm/rss/p/pfx.vpixl.com/u8u9X/clrtpod.com/m/mgln.ai/e/1118/arttrk.com/p/YMH00/traffic.megaphone.fm/YMH8817321332.mp3?updated=1704751230"
661493467,"From Hip Hop to Stand-Up w/ Cipha Sounds | 2 Bears, 1 Cave Ep. 205","https://pdst.fm/e/pscrb.fm/rss/p/pfx.vpixl.com/u8u9X/clrtpod.com/m/mgln.ai/e/1118/arttrk.com/p/YMH00/traffic.megaphone.fm/YMH9926275947.mp3?updated=1704751367"
661493465,"Seducing Taylor Swift | 2 Bears, 1 Cave Ep. 204","https://pdst.fm/e/pscrb.fm/rss/p/pfx.vpixl.com/u8u9X/clrtpod.com/m/mgln.ai/e/1118/arttrk.com/p/YMH00/traffic.megaphone.fm/YMH1405254857.mp3?updated=1704751653"
661493463,"2 Bears, 2 Great Minds w/ Andrew Huberman & Cory Henry | 2 Bears, 1 Cave Ep. 203","https://pdst.fm/e/pscrb.fm/rss/p/pfx.vpixl.com/u8u9X/clrtpod.com/m/mgln.ai/e/1118/arttrk.com/p/YMH00/traffic.megaphone.fm/YMH1816285881.mp3?updated=1704751900"
661493462,"Bears vs. Wild Animals | 2 Bears, 1 Cave Ep. 202","https://pdst.fm/e/pscrb.fm/rss/p/pfx.vpixl.com/u8u9X/clrtpod.com/m/mgln.ai/e/1118/arttrk.com/p/YMH00/traffic.megaphone.fm/YMH7420586402.mp3?updated=1704751974"
661493461,"Sober Bert | 2 Bears, 1 Cave Ep. 201","https://pdst.fm/e/pscrb.fm/rss/p/pfx.vpixl.com/u8u9X/clrtpod.com/m/mgln.ai/e/1118/arttrk.com/p/YMH00/traffic.megaphone.fm/YMH6359003011.mp3?updated=1704752261"
661493458,"Episode 200 Spectacular | 2 Bears, 1 Cave Ep. 200","https://pdst.fm/e/pscrb.fm/rss/p/pfx.vpixl.com/u8u9X/clrtpod.com/m/mgln.ai/e/1118/arttrk.com/p/YMH00/traffic.megaphone.fm/YMH4822394809.mp3?updated=1704838975"
661493457,"I Almost Died | 2 Bears, 1 Cave Ep. 199","https://pdst.fm/e/pscrb.fm/rss/p/pfx.vpixl.com/u8u9X/clrtpod.com/m/mgln.ai/e/1118/arttrk.com/p/YMH00/traffic.megaphone.fm/YMH8551452436.mp3?updated=1704839168"
661493456,"Beer Olympics | 2 Bears, 1 Cave Ep. 198","https://pdst.fm/e/pscrb.fm/rss/p/pfx.vpixl.com/u8u9X/clrtpod.com/m/mgln.ai/e/1118/arttrk.com/p/YMH00/traffic.megaphone.fm/YMH9812008930.mp3?updated=1704839463"
661493455,"Wildest Shark Attacks w/ Theo Von | 2 Bears, 1 Cave Ep. 197","https://pdst.fm/e/pscrb.fm/rss/p/pfx.vpixl.com/u8u9X/clrtpod.com/m/mgln.ai/e/1118/arttrk.com/p/YMH00/traffic.megaphone.fm/YMH4807251654.mp3?updated=1707416268"
661493454,"Rob Lowe's Incredible Life | 2 Bears, 1 Cave Ep. 196","https://pdst.fm/e/pscrb.fm/rss/p/pfx.vpixl.com/u8u9X/clrtpod.com/m/mgln.ai/e/1118/arttrk.com/p/YMH00/traffic.megaphone.fm/YMH9124302701.mp3?updated=1704839883"
661493452,"Fun With Chloroform | 2 Bears, 1 Cave Ep. 195","https://pdst.fm/e/pscrb.fm/rss/p/pfx.vpixl.com/u8u9X/clrtpod.com/m/mgln.ai/e/1118/arttrk.com/p/YMH00/traffic.megaphone.fm/YMH4469328861.mp3?updated=1704840161"
661493451,"Knives and Fights w/ Joel McHale | 2 Bears, 1 Cave Ep. 194","https://pdst.fm/e/pscrb.fm/rss/p/pfx.vpixl.com/u8u9X/clrtpod.com/m/mgln.ai/e/1118/arttrk.com/p/YMH00/traffic.megaphone.fm/YMH9993971460.mp3?updated=1704840448"
661493450,"Flying Death Traps | 2 Bears, 1 Cave Ep. 193","https://pdst.fm/e/pscrb.fm/rss/p/pfx.vpixl.com/u8u9X/clrtpod.com/m/mgln.ai/e/1118/arttrk.com/p/YMH00/traffic.megaphone.fm/YMH2181656385.mp3?updated=1704840914"
661493449,"The Content Machine w/ Kountry Wayne | 2 Bears, 1 Cave Ep. 192","https://pdst.fm/e/pscrb.fm/rss/p/pfx.vpixl.com/u8u9X/clrtpod.com/m/mgln.ai/e/1118/arttrk.com/p/YMH00/traffic.megaphone.fm/YMH2363994431.mp3?updated=1707416488"
661493448,"Bert's Blow Up w/ Ari Shaffir | 2 Bears, 1 Cave Ep. 191","https://pdst.fm/e/pscrb.fm/rss/p/pfx.vpixl.com/u8u9X/clrtpod.com/m/mgln.ai/e/1118/arttrk.com/p/YMH00/traffic.megaphone.fm/YMH1268041052.mp3?updated=1707416593"
661493447,"Is Squirting Real? | 2 Bears, 1 Cave Ep. 190","https://pdst.fm/e/pscrb.fm/rss/p/pfx.vpixl.com/u8u9X/clrtpod.com/m/mgln.ai/e/1118/arttrk.com/p/YMH00/traffic.megaphone.fm/YMH6094674825.mp3?updated=1704866243"
661493446,"Plus-Size Accommodations w/ Tim Dillon | 2 Bears, 1 Cave Ep. 189","https://pdst.fm/e/pscrb.fm/rss/p/pfx.vpixl.com/u8u9X/clrtpod.com/m/mgln.ai/e/1118/arttrk.com/p/YMH00/traffic.megaphone.fm/YMH6142260246.mp3?updated=1704866412"
661493445,"The Machine Premiere | 2 Bears, 1 Cave Ep. 188","https://pdst.fm/e/pscrb.fm/rss/p/pfx.vpixl.com/u8u9X/clrtpod.com/m/mgln.ai/e/1118/arttrk.com/p/YMH00/traffic.megaphone.fm/YMH9941175602.mp3?updated=1707417006"
661493444,"Flooring It w/ Ryan Blaney | 2 Bears, 1 Cave Ep. 187","https://pdst.fm/e/pscrb.fm/rss/p/pfx.vpixl.com/u8u9X/clrtpod.com/m/mgln.ai/e/1118/arttrk.com/p/YMH00/traffic.megaphone.fm/YMH5603163796.mp3?updated=1704866837"
661493443,"Make Hollywood Fun Again w/ Kevin Smith | 2 Bears, 1 Cave Ep. 186","https://pdst.fm/e/pscrb.fm/rss/p/pfx.vpixl.com/u8u9X/clrtpod.com/m/mgln.ai/e/1118/arttrk.com/p/YMH00/traffic.megaphone.fm/YMH5002296395.mp3?updated=1704867235"
661493442,"The Dream Team w/ Ryan Sickler | 2 Bears, 1 Cave Ep. 185","https://pdst.fm/e/pscrb.fm/rss/p/pfx.vpixl.com/u8u9X/clrtpod.com/m/mgln.ai/e/1118/arttrk.com/p/YMH00/traffic.megaphone.fm/YMH7880351367.mp3?updated=1704867194"
661493441,"The Monarchy Sucks w/ Jim Jefferies | 2 Bears, 1 Cave Ep. 184","https://pdst.fm/e/pscrb.fm/rss/p/pfx.vpixl.com/u8u9X/clrtpod.com/m/mgln.ai/e/1118/arttrk.com/p/YMH00/traffic.megaphone.fm/YMH3773587584.mp3?updated=1704867308"
661493440,"Women Have It Good w/ Yannis Pappas | 2 Bears, 1 Cave Ep. 183","https://pdst.fm/e/pscrb.fm/rss/p/pfx.vpixl.com/u8u9X/clrtpod.com/m/mgln.ai/e/1118/arttrk.com/p/YMH00/traffic.megaphone.fm/YMH4858392640.mp3?updated=1707417491"
661493438,"Testosterone Bears | 2 Bears, 1 Cave Ep. 182","https://pdst.fm/e/pscrb.fm/rss/p/pfx.vpixl.com/u8u9X/clrtpod.com/m/mgln.ai/e/1118/arttrk.com/p/YMH00/traffic.megaphone.fm/YMH6900084445.mp3?updated=1704867694"
661493436,"Crazy Ex-Girlfriends w/ Big Jay Oakerson | 2 Bears, 1 Cave Ep. 181","https://pdst.fm/e/pscrb.fm/rss/p/pfx.vpixl.com/u8u9X/clrtpod.com/m/mgln.ai/e/1118/arttrk.com/p/YMH00/traffic.megaphone.fm/YMH8152506706.mp3?updated=1707417492"
661493435,"Rise of the Comedians | 2 Bears, 1 Cave Ep. 180","https://pdst.fm/e/pscrb.fm/rss/p/pfx.vpixl.com/u8u9X/clrtpod.com/m/mgln.ai/e/1118/arttrk.com/p/YMH00/traffic.megaphone.fm/YMH8936115295.mp3?updated=1707417539"
661493434,"Bertâ€™s Biggest Fears | 2 Bears, 1 Cave Ep. 179","https://pdst.fm/e/pscrb.fm/rss/p/pfx.vpixl.com/u8u9X/clrtpod.com/m/mgln.ai/e/1118/arttrk.com/p/YMH00/traffic.megaphone.fm/YMH7907753829.mp3?updated=1704910758"
661493433,"Chrissy New Glasses w/ Chris Distefano | 2 Bears, 1 Cave Ep. 178","https://pdst.fm/e/pscrb.fm/rss/p/pfx.vpixl.com/u8u9X/clrtpod.com/m/mgln.ai/e/1118/arttrk.com/p/YMH00/traffic.megaphone.fm/YMH3032899060.mp3?updated=1704910895"
661493432,"Bonus: Live from MGM Grand in Las Vegas | 2 Bears, 1 Cave","https://pdst.fm/e/pscrb.fm/rss/p/pfx.vpixl.com/u8u9X/clrtpod.com/m/mgln.ai/e/1118/arttrk.com/p/YMH00/traffic.megaphone.fm/YMH6839783979.mp3?updated=1707429517"
661493430,"Losing Your Virginity w/ Adam Devine | 2 Bears, 1 Cave Ep. 177","https://pdst.fm/e/pscrb.fm/rss/p/pfx.vpixl.com/u8u9X/clrtpod.com/m/mgln.ai/e/1118/arttrk.com/p/YMH00/traffic.megaphone.fm/YMH8517477888.mp3?updated=1704911817"
661493429,"Awful Radio Shows w/ David Cross | 2 Bears, 1 Cave Ep. 176","https://pdst.fm/e/pscrb.fm/rss/p/pfx.vpixl.com/u8u9X/clrtpod.com/m/mgln.ai/e/1118/arttrk.com/p/YMH00/traffic.megaphone.fm/YMH4287461886.mp3?updated=1704911979"
661493428,"TikTok Fiasco w/ Howie Mandel | 2 Bears, 1 Cave Ep. 175","https://pdst.fm/e/pscrb.fm/rss/p/pfx.vpixl.com/u8u9X/clrtpod.com/m/mgln.ai/e/1118/arttrk.com/p/YMH00/traffic.megaphone.fm/YMH4764130949.mp3?updated=1707418810"
661493427,"The Daily Stoic w/ Ryan Holiday | 2 Bears, 1 Cave Ep. 174","https://pdst.fm/e/pscrb.fm/rss/p/pfx.vpixl.com/u8u9X/clrtpod.com/m/mgln.ai/e/1118/arttrk.com/p/YMH00/traffic.megaphone.fm/YMH5530473156.mp3?updated=1704912389"
661493426,"Dana's World w/ Dana Carvey | 2 Bears, 1 Cave Ep. 173","https://pdst.fm/e/pscrb.fm/rss/p/pfx.vpixl.com/u8u9X/clrtpod.com/m/mgln.ai/e/1118/arttrk.com/p/YMH00/traffic.megaphone.fm/YMH9003149596.mp3?updated=1704912533"
661493425,"Sexual Athlete w/ Adriana Chechik | 2 Bears, 1 Cave Ep. 172","https://pdst.fm/e/pscrb.fm/rss/p/pfx.vpixl.com/u8u9X/clrtpod.com/m/mgln.ai/e/1118/arttrk.com/p/YMH00/traffic.megaphone.fm/YMH6306591835.mp3?updated=1704912791"
661493424,"Bears Guide To Life | 2 Bears, 1 Cave Ep. 171","https://pdst.fm/e/pscrb.fm/rss/p/pfx.vpixl.com/u8u9X/clrtpod.com/m/mgln.ai/e/1118/arttrk.com/p/YMH00/traffic.megaphone.fm/YMH1163603123.mp3?updated=1704913123"
661493423,"You're Not A Skater! w/ Tony Hawk | 2 Bears, 1 Cave Ep. 170","https://pdst.fm/e/pscrb.fm/rss/p/pfx.vpixl.com/u8u9X/clrtpod.com/m/mgln.ai/e/1118/arttrk.com/p/YMH00/traffic.megaphone.fm/YMH4474270367.mp3?updated=1704913248"
661493422,"Laugh Hard w/ Louis C.K. | 2 Bears, 1 Cave Ep. 169","https://pdst.fm/e/pscrb.fm/rss/p/pfx.vpixl.com/u8u9X/clrtpod.com/m/mgln.ai/e/1118/arttrk.com/p/YMH00/traffic.megaphone.fm/YMH6333968976.mp3?updated=1704913580"
661493421,"Body Hacks w/ Andrew Huberman | 2 Bears, 1 Cave Ep. 168","https://pdst.fm/e/pscrb.fm/rss/p/pfx.vpixl.com/u8u9X/clrtpod.com/m/mgln.ai/e/1118/arttrk.com/p/YMH00/traffic.megaphone.fm/YMH2348530814.mp3?updated=1704914041"
661493420,"I Will Out Live You! | 2 Bears, 1 Cave Ep. 167","https://pdst.fm/e/pscrb.fm/rss/p/pfx.vpixl.com/u8u9X/clrtpod.com/m/mgln.ai/e/1118/arttrk.com/p/YMH00/traffic.megaphone.fm/YMH1734901399.mp3?updated=1704914157"
661493419,"Drugs All Day | 2 Bears, 1 Cave Ep. 166","https://pdst.fm/e/pscrb.fm/rss/p/pfx.vpixl.com/u8u9X/clrtpod.com/m/mgln.ai/e/1118/arttrk.com/p/YMH00/traffic.megaphone.fm/YMH3644992775.mp3?updated=1704914388"
661493418,"The Hottest Instagrams | 2 Bears, 1 Cave Ep. 165","https://pdst.fm/e/pscrb.fm/rss/p/pfx.vpixl.com/u8u9X/clrtpod.com/m/mgln.ai/e/1118/arttrk.com/p/YMH00/traffic.megaphone.fm/YMH6577735888.mp3?updated=1705007416"
661493416,"Jacked w/ Kumail Nanjiani | 2 Bears, 1 Cave Ep. 164","https://pdst.fm/e/pscrb.fm/rss/p/pfx.vpixl.com/u8u9X/clrtpod.com/m/mgln.ai/e/1118/arttrk.com/p/YMH00/traffic.megaphone.fm/YMH1579421043.mp3?updated=1707419170"
661493414,"Important Message To Fans | 2 Bears, 1 Cave Ep. 163","https://pdst.fm/e/pscrb.fm/rss/p/pfx.vpixl.com/u8u9X/clrtpod.com/m/mgln.ai/e/1118/arttrk.com/p/YMH00/traffic.megaphone.fm/YMH6768216030.mp3?updated=1707419394"
661493413,"WILD Conspiracy Theories! w/ Yannis Pappas | 2 Bears, 1 Cave - Ep. 162","https://pdst.fm/e/pscrb.fm/rss/p/pfx.vpixl.com/u8u9X/clrtpod.com/m/mgln.ai/e/1118/arttrk.com/p/YMH00/traffic.megaphone.fm/YMH6685182526.mp3?updated=1705007890"
661493412,"Ep. 161 | 2 Bears 1 Cave w/ Tom Segura & Bert Kreischer","https://pdst.fm/e/pscrb.fm/rss/p/pfx.vpixl.com/u8u9X/clrtpod.com/m/mgln.ai/e/1118/arttrk.com/p/YMH00/traffic.megaphone.fm/YMH7881413162.mp3?updated=1705007973"
661493411,"Ep. 160 | 2 Bears 1 Cave w/ Tom Segura & Quentin Tarantino","https://pdst.fm/e/pscrb.fm/rss/p/pfx.vpixl.com/u8u9X/clrtpod.com/m/mgln.ai/e/1118/arttrk.com/p/YMH00/traffic.megaphone.fm/YMH6719795619.mp3?updated=1705008115"
661493410,"Ep. 159 | 2 Bears 1 Cave w/ Neal Brennan & Bert Kreischer","https://pdst.fm/e/pscrb.fm/rss/p/pfx.vpixl.com/u8u9X/clrtpod.com/m/mgln.ai/e/1118/arttrk.com/p/YMH00/traffic.megaphone.fm/YMH7771333731.mp3?updated=1705008299"
661493409,"Ep. 158 | 2 Bears 1 Cave w/ Tom Segura & Bert Kreischer","https://pdst.fm/e/pscrb.fm/rss/p/pfx.vpixl.com/u8u9X/clrtpod.com/m/mgln.ai/e/1118/arttrk.com/p/YMH00/traffic.megaphone.fm/YMH6708623590.mp3?updated=1705008388"
661493408,"Ep. 157 | 2 Bears 1 Cave w/ Tom Segura & Bert Kreischer","https://pdst.fm/e/pscrb.fm/rss/p/pfx.vpixl.com/u8u9X/clrtpod.com/m/mgln.ai/e/1118/arttrk.com/p/YMH00/traffic.megaphone.fm/YMH1862067349.mp3?updated=1705008562"
661493407,"Ep. 156 | 2 Bears 1 Cave w/ Tom Segura & Bert Kreischer","https://pdst.fm/e/pscrb.fm/rss/p/pfx.vpixl.com/u8u9X/clrtpod.com/m/mgln.ai/e/1118/arttrk.com/p/YMH00/traffic.megaphone.fm/YMH9301286644.mp3?updated=1705008663"
661493406,"Ep. 155 | 2 Bears 1 Cave w/ Tom Segura & Bert Kreischer","https://pdst.fm/e/pscrb.fm/rss/p/pfx.vpixl.com/u8u9X/clrtpod.com/m/mgln.ai/e/1118/arttrk.com/p/YMH00/traffic.megaphone.fm/YMH9386999398.mp3?updated=1707419657"
661493405,"Ep. 154 | 2 Bears 1 Cave w/ Tom Segura & Greg Fitzsimmons","https://pdst.fm/e/pscrb.fm/rss/p/pfx.vpixl.com/u8u9X/clrtpod.com/m/mgln.ai/e/1118/arttrk.com/p/YMH00/traffic.megaphone.fm/YMH9422148163.mp3?updated=1705009268"
661493404,"Ep. 153 | 2 Bears 1 Cave w/ Tom Segura & Duncan Trussell","https://pdst.fm/e/pscrb.fm/rss/p/pfx.vpixl.com/u8u9X/clrtpod.com/m/mgln.ai/e/1118/arttrk.com/p/YMH00/traffic.megaphone.fm/YMH1745742395.mp3?updated=1705009497"
661493402,"Ep. 152 | 2 Bears 1 Cave w/ Tom Segura & Joe Rogan","https://pdst.fm/e/pscrb.fm/rss/p/pfx.vpixl.com/u8u9X/clrtpod.com/m/mgln.ai/e/1118/arttrk.com/p/YMH00/traffic.megaphone.fm/YMH7422364773.mp3?updated=1705009566"
661493401,"Ep. 151 | 2 Bears 1 Cave w/ Tom Segura & Bert Kreischer","https://pdst.fm/e/pscrb.fm/rss/p/pfx.vpixl.com/u8u9X/clrtpod.com/m/mgln.ai/e/1118/arttrk.com/p/YMH00/traffic.megaphone.fm/YMH9472562966.mp3?updated=1705009680"
661493400,"Ep. 150 | 2 Bears 1 Cave w/ Tom Segura & Bert Kreischer","https://pdst.fm/e/pscrb.fm/rss/p/pfx.vpixl.com/u8u9X/clrtpod.com/m/mgln.ai/e/1118/arttrk.com/p/YMH00/traffic.megaphone.fm/YMH6498187220.mp3?updated=1705009984"
661493399,"Ep. 149 | 2 Bears 1 Cave w/ Tom Segura & Bert Kreischer","https://pdst.fm/e/pscrb.fm/rss/p/pfx.vpixl.com/u8u9X/clrtpod.com/m/mgln.ai/e/1118/arttrk.com/p/YMH00/traffic.megaphone.fm/YMH2461982153.mp3?updated=1705010159"
661493398,"Ep. 148 | 2 Bears 1 Cave w/ Tom Segura & Bert Kreischer","https://pdst.fm/e/pscrb.fm/rss/p/pfx.vpixl.com/u8u9X/clrtpod.com/m/mgln.ai/e/1118/arttrk.com/p/YMH00/traffic.megaphone.fm/YMH7148321355.mp3?updated=1705010398"
661493397,"Ep. 147 | 2 Bears 1 Cave w/ Whitney Cummings & Bert Kreischer","https://pdst.fm/e/pscrb.fm/rss/p/pfx.vpixl.com/u8u9X/clrtpod.com/m/mgln.ai/e/1118/arttrk.com/p/YMH00/traffic.megaphone.fm/YMH3476386547.mp3?updated=1705010599"
661493396,"Ep. 146 | 2 Bears 1 Cave w/ Andrew Santino & Bert Kreischer","https://pdst.fm/e/pscrb.fm/rss/p/pfx.vpixl.com/u8u9X/clrtpod.com/m/mgln.ai/e/1118/arttrk.com/p/YMH00/traffic.megaphone.fm/YMH5613438030.mp3?updated=1705010782"
661493395,"Ep. 145 | 2 Bears 1 Cave w/ Tom Segura & Bert Kreischer","https://pdst.fm/e/pscrb.fm/rss/p/pfx.vpixl.com/u8u9X/clrtpod.com/m/mgln.ai/e/1118/arttrk.com/p/YMH00/traffic.megaphone.fm/YMH7922080846.mp3?updated=1705010943"
661493394,"Ep. 144 | 2 Bears 1 Cave w/ Tom Segura & Bert Kreischer","https://pdst.fm/e/pscrb.fm/rss/p/pfx.vpixl.com/u8u9X/clrtpod.com/m/mgln.ai/e/1118/arttrk.com/p/YMH00/traffic.megaphone.fm/YMH6847146637.mp3?updated=1705011162"
661493393,"Ep. 143 | 2 Bears 1 Cave w/ Tom Segura & Bert Kreischer","https://pdst.fm/e/pscrb.fm/rss/p/pfx.vpixl.com/u8u9X/clrtpod.com/m/mgln.ai/e/1118/arttrk.com/p/YMH00/traffic.megaphone.fm/YMH1193510717.mp3?updated=1705011293"
661493391,"Ep. 142 | 2 Bears 1 Cave w/ Tom Segura & Mark Bell","https://pdst.fm/e/pscrb.fm/rss/p/pfx.vpixl.com/u8u9X/clrtpod.com/m/mgln.ai/e/1118/arttrk.com/p/YMH00/traffic.megaphone.fm/YMH2309565051.mp3?updated=1705011301"
661493390,"Ep. 141 | 2 Bears 1 Cave w/ Tom Segura & Ryan Sickler","https://pdst.fm/e/pscrb.fm/rss/p/pfx.vpixl.com/u8u9X/clrtpod.com/m/mgln.ai/e/1118/arttrk.com/p/YMH00/traffic.megaphone.fm/YMH6472200090.mp3?updated=1705011665"
661493389,"Ep. 140 | 2 Bears 1 Cave w/ Sal Vulcano & Bert Kreischer","https://pdst.fm/e/pscrb.fm/rss/p/pfx.vpixl.com/u8u9X/clrtpod.com/m/mgln.ai/e/1118/arttrk.com/p/YMH00/traffic.megaphone.fm/YMH6319765147.mp3?updated=1705011834"
661493388,"Ep. 139 | 2 Bears 1 Cave w/ Tom Segura & Danny Brown","https://pdst.fm/e/pscrb.fm/rss/p/pfx.vpixl.com/u8u9X/clrtpod.com/m/mgln.ai/e/1118/arttrk.com/p/YMH00/traffic.megaphone.fm/YMH6701915440.mp3?updated=1705012086"
661493387,"Ep. 138 | 2 Bears 1 Cave w/ Tom Segura & Ron White","https://pdst.fm/e/pscrb.fm/rss/p/pfx.vpixl.com/u8u9X/clrtpod.com/m/mgln.ai/e/1118/arttrk.com/p/YMH00/traffic.megaphone.fm/YMH9133963265.mp3?updated=1705012159"
661493386,"Ep. 137 | 2 Bears 1 Cave w/ Tom Segura & Yannis Pappas","https://pdst.fm/e/pscrb.fm/rss/p/pfx.vpixl.com/u8u9X/clrtpod.com/m/mgln.ai/e/1118/arttrk.com/p/YMH00/traffic.megaphone.fm/YMH2974568289.mp3?updated=1705012294"
661493385,"Ep. 136 | 2 Bears 1 Cave w/ Tom Segura & Bert Kreischer","https://pdst.fm/e/pscrb.fm/rss/p/pfx.vpixl.com/u8u9X/clrtpod.com/m/mgln.ai/e/1118/arttrk.com/p/YMH00/traffic.megaphone.fm/YMH9713483423.mp3?updated=1705012423"
661493384,"Ep. 135 | 2 Bears 1 Cave w/ Tom Segura & Bert Kreischer","https://pdst.fm/e/pscrb.fm/rss/p/pfx.vpixl.com/u8u9X/clrtpod.com/m/mgln.ai/e/1118/arttrk.com/p/YMH00/traffic.megaphone.fm/YMH2755526092.mp3?updated=1705012590"
661493383,"Ep. 134 | 2 Bears 1 Cave w/ Tom Segura & Bert Kreischer","https://pdst.fm/e/pscrb.fm/rss/p/pfx.vpixl.com/u8u9X/clrtpod.com/m/mgln.ai/e/1118/arttrk.com/p/YMH00/traffic.megaphone.fm/YMH6370844325.mp3?updated=1707419769"
661493382,"Ep. 133 | 2 Bears 1 Cave w/ Bert Kreischer & Chris Distefano","https://pdst.fm/e/pscrb.fm/rss/p/pfx.vpixl.com/u8u9X/clrtpod.com/m/mgln.ai/e/1118/arttrk.com/p/YMH00/traffic.megaphone.fm/YMH8531998762.mp3?updated=1705013183"
661493381,"Ep. 132 | 2 Bears 1 Cave w/ Mark Normand & Bert Kreischer","https://pdst.fm/e/pscrb.fm/rss/p/pfx.vpixl.com/u8u9X/clrtpod.com/m/mgln.ai/e/1118/arttrk.com/p/YMH00/traffic.megaphone.fm/YMH7657356549.mp3?updated=1707428337"
661493380,"Ep. 131 | 2 Bears 1 Cave w/ Tom Segura & Bert Kreischer","https://pdst.fm/e/pscrb.fm/rss/p/pfx.vpixl.com/u8u9X/clrtpod.com/m/mgln.ai/e/1118/arttrk.com/p/YMH00/traffic.megaphone.fm/YMH6295161618.mp3?updated=1705013130"
661493379,"Ep. 130 | 2 Bears 1 Cave w/ Tom Segura & Bert Kreischer","https://pdst.fm/e/pscrb.fm/rss/p/pfx.vpixl.com/u8u9X/clrtpod.com/m/mgln.ai/e/1118/arttrk.com/p/YMH00/traffic.megaphone.fm/YMH8418937494.mp3?updated=1705013313"
661493378,"Ep. 129 | 2 Bears 1 Cave w/ Tom Segura & Bert Kreischer","https://pdst.fm/e/pscrb.fm/rss/p/pfx.vpixl.com/u8u9X/clrtpod.com/m/mgln.ai/e/1118/arttrk.com/p/YMH00/traffic.megaphone.fm/YMH5727101401.mp3?updated=1705013384"
661493377,"Ep. 128 | 2 Bears 1 Cave w/ Tom Segura & Bert Kreischer","https://pdst.fm/e/pscrb.fm/rss/p/pfx.vpixl.com/u8u9X/clrtpod.com/m/mgln.ai/e/1118/arttrk.com/p/YMH00/traffic.megaphone.fm/YMH3796678035.mp3?updated=1705013523"
661493376,"Ep. 127 | 2 Bears 1 Cave w/ Tom Segura & Bert Kreischer","https://pdst.fm/e/pscrb.fm/rss/p/pfx.vpixl.com/u8u9X/clrtpod.com/m/mgln.ai/e/1118/arttrk.com/p/YMH00/traffic.megaphone.fm/YMH2004311563.mp3?updated=1705013774"
661493375,"Ep. 126 | 2 Bears 1 Cave w/ Tom Segura & Bert Kreischer","https://pdst.fm/e/pscrb.fm/rss/p/pfx.vpixl.com/u8u9X/clrtpod.com/m/mgln.ai/e/1118/arttrk.com/p/YMH00/traffic.megaphone.fm/YMH4410876433.mp3?updated=1707419503"
661493374,"Ep. 125 | 2 Bears 1 Cave w/ Tom Segura & Bert Kreischer","https://pdst.fm/e/pscrb.fm/rss/p/pfx.vpixl.com/u8u9X/clrtpod.com/m/mgln.ai/e/1118/arttrk.com/p/YMH00/traffic.megaphone.fm/YMH6248876413.mp3?updated=1705013913"
661493373,"Ep. 124 | 2 Bears 1 Cave w/ Tom Segura & Bert Kreischer","https://pdst.fm/e/pscrb.fm/rss/p/pfx.vpixl.com/u8u9X/clrtpod.com/m/mgln.ai/e/1118/arttrk.com/p/YMH00/traffic.megaphone.fm/YMH7023081415.mp3?updated=1705014167"
661493372,"Ep. 123 | 2 Bears 1 Cave w/ Tom Segura & Bert Kreischer","https://pdst.fm/e/pscrb.fm/rss/p/pfx.vpixl.com/u8u9X/clrtpod.com/m/mgln.ai/e/1118/arttrk.com/p/YMH00/traffic.megaphone.fm/YMH9859569168.mp3?updated=1705014240"
661493371,"Ep. 122 | 2 Bears 1 Cave w/ Tom Segura & Bert Kreischer","https://pdst.fm/e/pscrb.fm/rss/p/pfx.vpixl.com/u8u9X/clrtpod.com/m/mgln.ai/e/1118/arttrk.com/p/YMH00/traffic.megaphone.fm/YMH4890790378.mp3?updated=1705014358"
661493370,"Ep. 121 | 2 Bears 1 Cave w/ Tom Segura & Bert Kreischer","https://pdst.fm/e/pscrb.fm/rss/p/pfx.vpixl.com/u8u9X/clrtpod.com/m/mgln.ai/e/1118/arttrk.com/p/YMH00/traffic.megaphone.fm/YMH4564052435.mp3?updated=1705014475"
661493369,"Ep. 120 | 2 Bears 1 Cave w/ Tom Segura & David Spade","https://pdst.fm/e/pscrb.fm/rss/p/pfx.vpixl.com/u8u9X/clrtpod.com/m/mgln.ai/e/1118/arttrk.com/p/YMH00/traffic.megaphone.fm/YMH2774775688.mp3?updated=1705014649"
661493368,"Ep. 119 | 2 Bears 1 Cave w/ Tom Segura & Bert Kreischer","https://pdst.fm/e/pscrb.fm/rss/p/pfx.vpixl.com/u8u9X/clrtpod.com/m/mgln.ai/e/1118/arttrk.com/p/YMH00/traffic.megaphone.fm/YMH3291698604.mp3?updated=1705018272"
661493367,"Ep. 118 | 2 Bears 1 Cave w/ Tom Segura & Bert Kreischer","https://pdst.fm/e/pscrb.fm/rss/p/pfx.vpixl.com/u8u9X/clrtpod.com/m/mgln.ai/e/1118/arttrk.com/p/YMH00/traffic.megaphone.fm/YMH4144898499.mp3?updated=1705018405"
661493340,"Ep. 117 | 2 Bears 1 Cave w/ Tom Segura & Ari Shaffir","https://pdst.fm/e/pscrb.fm/rss/p/pfx.vpixl.com/u8u9X/clrtpod.com/m/mgln.ai/e/1118/arttrk.com/p/YMH00/traffic.megaphone.fm/YMH9849638226.mp3?updated=1707419943"
661493337,"Ep. 116 | 2 Bears 1 Cave w/ Tom Segura & Bert Kreischer","https://pdst.fm/e/pscrb.fm/rss/p/pfx.vpixl.com/u8u9X/clrtpod.com/m/mgln.ai/e/1118/arttrk.com/p/YMH00/traffic.megaphone.fm/YMH7955328180.mp3?updated=1705018579"
661493334,"Ep. 115 | 2 Bears 1 Cave w/ Tom Segura & Bert Kreischer","https://pdst.fm/e/pscrb.fm/rss/p/pfx.vpixl.com/u8u9X/clrtpod.com/m/mgln.ai/e/1118/arttrk.com/p/YMH00/traffic.megaphone.fm/YMH9024993384.mp3?updated=1705018669"
661493330,"Ep. 114 | 2 Bears 1 Cave w/ Tom Segura & Bert Kreischer","https://pdst.fm/e/pscrb.fm/rss/p/pfx.vpixl.com/u8u9X/clrtpod.com/m/mgln.ai/e/1118/arttrk.com/p/YMH00/traffic.megaphone.fm/YMH1412554211.mp3?updated=1705018869"
661493318,"Ep. 113 | 2 Bears 1 Cave w/ Tom Segura & Bert Kreischer","https://pdst.fm/e/pscrb.fm/rss/p/pfx.vpixl.com/u8u9X/clrtpod.com/m/mgln.ai/e/1118/arttrk.com/p/YMH00/traffic.megaphone.fm/YMH5717370206.mp3?updated=1706151587"
661493190,"Ep. 112 | 2 Bears 1 Cave w/ Tom Segura & Bert Kreischer","https://pdst.fm/e/pscrb.fm/rss/p/pfx.vpixl.com/u8u9X/clrtpod.com/m/mgln.ai/e/1118/arttrk.com/p/YMH00/traffic.megaphone.fm/YMH7041323338.mp3?updated=1706217928"
661493189,"Ep. 111 | 2 Bears 1 Cave w/ Tom Segura & Bert Kreischer","https://pdst.fm/e/pscrb.fm/rss/p/pfx.vpixl.com/u8u9X/clrtpod.com/m/mgln.ai/e/1118/arttrk.com/p/YMH00/traffic.megaphone.fm/YMH5296684778.mp3?updated=1706218242"
661493188,"Ep. 110 | 2 Bears 1 Cave w/ Tom Segura & Bert Kreischer","https://pdst.fm/e/pscrb.fm/rss/p/pfx.vpixl.com/u8u9X/clrtpod.com/m/mgln.ai/e/1118/arttrk.com/p/YMH00/traffic.megaphone.fm/YMH2376839653.mp3?updated=1706218443"
661493187,"Ep. 109 | 2 Bears 1 Cave w/ Tom Segura & Bert Kreischer","https://pdst.fm/e/pscrb.fm/rss/p/pfx.vpixl.com/u8u9X/clrtpod.com/m/mgln.ai/e/1118/arttrk.com/p/YMH00/traffic.megaphone.fm/YMH6906956697.mp3?updated=1706218698"
661493186,"Ep. 108 | 2 Bears 1 Cave w/ Tom Segura & Bert Kreischer","https://pdst.fm/e/pscrb.fm/rss/p/pfx.vpixl.com/u8u9X/clrtpod.com/m/mgln.ai/e/1118/arttrk.com/p/YMH00/traffic.megaphone.fm/YMH9635334599.mp3?updated=1706218695"
661493184,"Ep. 107 | 2 Bears 1 Cave w/ Tom Segura & Bert Kreischer","https://pdst.fm/e/pscrb.fm/rss/p/pfx.vpixl.com/u8u9X/clrtpod.com/m/mgln.ai/e/1118/arttrk.com/p/YMH00/traffic.megaphone.fm/YMH8049762631.mp3?updated=1706218893"
661493181,"Ep. 106 | 2 Bears 1 Cave w/ Tom Segura & Bert Kreischer","https://pdst.fm/e/pscrb.fm/rss/p/pfx.vpixl.com/u8u9X/clrtpod.com/m/mgln.ai/e/1118/arttrk.com/p/YMH00/traffic.megaphone.fm/YMH7968094528.mp3?updated=1706212829"
661493179,"Ep. 105 | 2 Bears 1 Cave w/ Tom Segura & Bert Kreischer","https://pdst.fm/e/pscrb.fm/rss/p/pfx.vpixl.com/u8u9X/clrtpod.com/m/mgln.ai/e/1118/arttrk.com/p/YMH00/traffic.megaphone.fm/YMH9909399589.mp3?updated=1706213086"
661493173,"Ep. 104 | 2 Bears 1 Cave w/ Tom Segura & Bert Kreischer","https://pdst.fm/e/pscrb.fm/rss/p/pfx.vpixl.com/u8u9X/clrtpod.com/m/mgln.ai/e/1118/arttrk.com/p/YMH00/traffic.megaphone.fm/YMH1808203491.mp3?updated=1706213135"
661493160,"Ep. 103 | 2 Bears 1 Cave w/ Tom Segura & Bert Kreischer","https://pdst.fm/e/pscrb.fm/rss/p/pfx.vpixl.com/u8u9X/clrtpod.com/m/mgln.ai/e/1118/arttrk.com/p/YMH00/traffic.megaphone.fm/YMH7266647438.mp3?updated=1706213388"
661493156,"Ep. 102 | 2 Bears 1 Cave w/ Tom Segura & Bert Kreischer","https://pdst.fm/e/pscrb.fm/rss/p/pfx.vpixl.com/u8u9X/clrtpod.com/m/mgln.ai/e/1118/arttrk.com/p/YMH00/traffic.megaphone.fm/YMH9631628700.mp3?updated=1706216062"
661493150,"Ep. 101 | 2 Bears 1 Cave w/ Tom Segura & Bert Kreischer","https://pdst.fm/e/pscrb.fm/rss/p/pfx.vpixl.com/u8u9X/clrtpod.com/m/mgln.ai/e/1118/arttrk.com/p/YMH00/traffic.megaphone.fm/YMH3258114914.mp3?updated=1706216275"
661493146,"Ep. 100 | 2 Bears 1 Cave w/ Tom Segura & Bert Kreischer","https://pdst.fm/e/pscrb.fm/rss/p/pfx.vpixl.com/u8u9X/clrtpod.com/m/mgln.ai/e/1118/arttrk.com/p/YMH00/traffic.megaphone.fm/YMH9735240341.mp3?updated=1706216392"
661493145,"Ep. 99 | 2 Bears 1 Cave w/ Ari Shaffir & Bert Kreischer","https://pdst.fm/e/pscrb.fm/rss/p/pfx.vpixl.com/u8u9X/clrtpod.com/m/mgln.ai/e/1118/arttrk.com/p/YMH00/traffic.megaphone.fm/YMH5160933071.mp3?updated=1706216511"
661493143,"Ep. 98 | 2 Bears 1 Cave w/ Tom Segura & Bert Kreischer","https://pdst.fm/e/pscrb.fm/rss/p/pfx.vpixl.com/u8u9X/clrtpod.com/m/mgln.ai/e/1118/arttrk.com/p/YMH00/traffic.megaphone.fm/YMH9962163275.mp3?updated=1706219128"
661493140,"Ep. 97 | 2 Bears 1 Cave w/ Dr. Drew & Bert Kreischer","https://pdst.fm/e/pscrb.fm/rss/p/pfx.vpixl.com/u8u9X/clrtpod.com/m/mgln.ai/e/1118/arttrk.com/p/YMH00/traffic.megaphone.fm/YMH6444310664.mp3?updated=1706217286"
661493137,"Ep. 96 | 2 Bears 1 Cave w/ Tom Segura & Roy Wood Jr.","https://pdst.fm/e/pscrb.fm/rss/p/pfx.vpixl.com/u8u9X/clrtpod.com/m/mgln.ai/e/1118/arttrk.com/p/YMH00/traffic.megaphone.fm/YMH1530109769.mp3?updated=1706219407"
661493134,"Ep. 95 | 2 Bears 1 Cave w/ Tom Segura & Bert Kreischer","https://pdst.fm/e/pscrb.fm/rss/p/pfx.vpixl.com/u8u9X/clrtpod.com/m/mgln.ai/e/1118/arttrk.com/p/YMH00/traffic.megaphone.fm/YMH7915063383.mp3?updated=1706219520"
661493131,"Ep. 94 | 2 Bears 1 Cave w/ Tom Segura & Bert Kreischer","https://pdst.fm/e/pscrb.fm/rss/p/pfx.vpixl.com/u8u9X/clrtpod.com/m/mgln.ai/e/1118/arttrk.com/p/YMH00/traffic.megaphone.fm/YMH7594699413.mp3?updated=1706219872"
661493128,"Ep. 93 | 2 Bears 1 Cave w/ Tom Segura & Bert Kreischer","https://pdst.fm/e/pscrb.fm/rss/p/pfx.vpixl.com/u8u9X/clrtpod.com/m/mgln.ai/e/1118/arttrk.com/p/YMH00/traffic.megaphone.fm/YMH6904229115.mp3?updated=1706220090"
661493126,"Ep. 92 | 2 Bears 1 Cave w/ Tom Segura & Bert Kreischer","https://pdst.fm/e/pscrb.fm/rss/p/pfx.vpixl.com/u8u9X/clrtpod.com/m/mgln.ai/e/1118/arttrk.com/p/YMH00/traffic.megaphone.fm/YMH5418086352.mp3?updated=1706220279"
661493123,"Ep. 91 | 2 Bears 1 Cave w/ Tom Segura & Brendan Schaub","https://pdst.fm/e/pscrb.fm/rss/p/pfx.vpixl.com/u8u9X/clrtpod.com/m/mgln.ai/e/1118/arttrk.com/p/YMH00/traffic.megaphone.fm/YMH7171933032.mp3?updated=1706220559"
661493120,"Ep. 90 | 2 Bears 1 Cave w/ Tom Segura & Marc Maron","https://pdst.fm/e/pscrb.fm/rss/p/pfx.vpixl.com/u8u9X/clrtpod.com/m/mgln.ai/e/1118/arttrk.com/p/YMH00/traffic.megaphone.fm/YMH1748007530.mp3?updated=1706558008"
661493113,"Ep. 89 | 2 Bears 1 Cave w/ Tom Segura & Cassius Marsh","https://pdst.fm/e/pscrb.fm/rss/p/pfx.vpixl.com/u8u9X/clrtpod.com/m/mgln.ai/e/1118/arttrk.com/p/YMH00/traffic.megaphone.fm/YMH5919025634.mp3?updated=1706558141"
661493022,"Ep. 88 | 2 Bears 1 Cave w/ Tom Segura & Anthony Jeselnik","https://pdst.fm/e/pscrb.fm/rss/p/pfx.vpixl.com/u8u9X/clrtpod.com/m/mgln.ai/e/1118/arttrk.com/p/YMH00/traffic.megaphone.fm/YMH3439774015.mp3?updated=1706220845"
661493021,"Ep. 87 | 2 Bears 1 Cave w/ Tom Segura & Greg Fitzsimmons","https://pdst.fm/e/pscrb.fm/rss/p/pfx.vpixl.com/u8u9X/clrtpod.com/m/mgln.ai/e/1118/arttrk.com/p/YMH00/traffic.megaphone.fm/YMH1122183081.mp3?updated=1706221271"
661493020,"Ep. 86 | 2 Bears 1 Cave w/ Tom Segura & Felipe Esparza","https://pdst.fm/e/pscrb.fm/rss/p/pfx.vpixl.com/u8u9X/clrtpod.com/m/mgln.ai/e/1118/arttrk.com/p/YMH00/traffic.megaphone.fm/YMH5458415824.mp3?updated=1706221515"
661493019,"Ep. 85 | 2 Bears 1 Cave w/ Tom Segura & Mark Normand","https://pdst.fm/e/pscrb.fm/rss/p/pfx.vpixl.com/u8u9X/clrtpod.com/m/mgln.ai/e/1118/arttrk.com/p/YMH00/traffic.megaphone.fm/YMH8676611781.mp3?updated=1706221565"
661493018,"Ep. 84 | 2 Bears 1 Cave w/ Tom Segura & Godfrey","https://pdst.fm/e/pscrb.fm/rss/p/pfx.vpixl.com/u8u9X/clrtpod.com/m/mgln.ai/e/1118/arttrk.com/p/YMH00/traffic.megaphone.fm/YMH1871106713.mp3?updated=1706558268"
661493017,"Ep. 83 | 2 Bears 1 Cave w/ Tom Segura & Ethan Klein","https://pdst.fm/e/pscrb.fm/rss/p/pfx.vpixl.com/u8u9X/clrtpod.com/m/mgln.ai/e/1118/arttrk.com/p/YMH00/traffic.megaphone.fm/YMH6032442802.mp3?updated=1706221922"
661493016,"Ep. 82 | 2 Bears 1 Cave w/ Steve-O & Bert Kreischer","https://pdst.fm/e/pscrb.fm/rss/p/pfx.vpixl.com/u8u9X/clrtpod.com/m/mgln.ai/e/1118/arttrk.com/p/YMH00/traffic.megaphone.fm/YMH3299529349.mp3?updated=1706558679"
661493015,"Ep. 81 | 2 Bears 1 Cave w/ Tom Segura & Brian Simpson","https://pdst.fm/e/pscrb.fm/rss/p/pfx.vpixl.com/u8u9X/clrtpod.com/m/mgln.ai/e/1118/arttrk.com/p/YMH00/traffic.megaphone.fm/YMH2181773778.mp3?updated=1706552905"
661493014,"Ep. 80 | 2 Bears 1 Cave w/ Ryan Sickler & Bert Kreischer","https://pdst.fm/e/pscrb.fm/rss/p/pfx.vpixl.com/u8u9X/clrtpod.com/m/mgln.ai/e/1118/arttrk.com/p/YMH00/traffic.megaphone.fm/YMH2095522616.mp3?updated=1706552966"
661492968,"Ep. 79 | 2 Bears 1 Cave w/ Tom Segura & Josh Potter","https://pdst.fm/e/pscrb.fm/rss/p/pfx.vpixl.com/u8u9X/clrtpod.com/m/mgln.ai/e/1118/arttrk.com/p/YMH00/traffic.megaphone.fm/YMH2284832478.mp3?updated=1706553141"
661492966,"Ep. 78 | 2 Bears 1 Cave w/ Tom Segura & Bert Kreischer","https://pdst.fm/e/pscrb.fm/rss/p/pfx.vpixl.com/u8u9X/clrtpod.com/m/mgln.ai/e/1118/arttrk.com/p/YMH00/traffic.megaphone.fm/YMH4773348298.mp3?updated=1706553340"
661492964,"Ep. 77 | 2 Bears 1 Cave w/ Tom Segura & Bert Kreischer","https://pdst.fm/e/pscrb.fm/rss/p/pfx.vpixl.com/u8u9X/clrtpod.com/m/mgln.ai/e/1118/arttrk.com/p/YMH00/traffic.megaphone.fm/YMH3219039974.mp3?updated=1706553436"
661492962,"Ep. 76 | 2 Bears 1 Cave w/ Tom Segura & Bert Kreischer","https://pdst.fm/e/pscrb.fm/rss/p/pfx.vpixl.com/u8u9X/clrtpod.com/m/mgln.ai/e/1118/arttrk.com/p/YMH00/traffic.megaphone.fm/YMH8755554272.mp3?updated=1706554069"
661492960,"Ep. 75 | 2 Bears 1 Cave w/ Tom Segura & Bert Kreischer","https://pdst.fm/e/pscrb.fm/rss/p/pfx.vpixl.com/u8u9X/clrtpod.com/m/mgln.ai/e/1118/arttrk.com/p/YMH00/traffic.megaphone.fm/YMH3099521208.mp3?updated=1706554124"
661492958,"Ep. 74 | 2 Bears 1 Cave w/ Andrew Santino & Bobby Lee","https://pdst.fm/e/pscrb.fm/rss/p/pfx.vpixl.com/u8u9X/clrtpod.com/m/mgln.ai/e/1118/arttrk.com/p/YMH00/traffic.megaphone.fm/YMH5060745070.mp3?updated=1706554277"
661492957,"Ep. 73 | 2 Bears 1 Cave w/ Tom Segura & Bert Kreischer","https://pdst.fm/e/pscrb.fm/rss/p/pfx.vpixl.com/u8u9X/clrtpod.com/m/mgln.ai/e/1118/arttrk.com/p/YMH00/traffic.megaphone.fm/YMH9688368015.mp3?updated=1706554417"
661492955,"Ep. 72 | 2 Bears 1 Cave w/ Tom Segura & Bert Kreischer","https://pdst.fm/e/pscrb.fm/rss/p/pfx.vpixl.com/u8u9X/clrtpod.com/m/mgln.ai/e/1118/arttrk.com/p/YMH00/traffic.megaphone.fm/YMH6171201447.mp3?updated=1706554598"
661492952,"Ep. 71 | 2 Bears 1 Cave w/ Tom Segura & Bert Kreischer","https://pdst.fm/e/pscrb.fm/rss/p/pfx.vpixl.com/u8u9X/clrtpod.com/m/mgln.ai/e/1118/arttrk.com/p/YMH00/traffic.megaphone.fm/YMH6707034782.mp3?updated=1706554763"
661492950,"Ep. 70 | 2 Bears 1 Cave w/ Tom Segura & Bert Kreischer","https://pdst.fm/e/pscrb.fm/rss/p/pfx.vpixl.com/u8u9X/clrtpod.com/m/mgln.ai/e/1118/arttrk.com/p/YMH00/traffic.megaphone.fm/YMH4783990925.mp3?updated=1706554957"
661492946,"Ep. 69 | 2 Bears 1 Cave w/ Tom Segura & Bert Kreischer","https://pdst.fm/e/pscrb.fm/rss/p/pfx.vpixl.com/u8u9X/clrtpod.com/m/mgln.ai/e/1118/arttrk.com/p/YMH00/traffic.megaphone.fm/YMH5058710853.mp3?updated=1707241947"
661492944,"Ep. 68 | 2 Bears 1 Cave w/ Tom Segura & Bert Kreischer","https://pdst.fm/e/pscrb.fm/rss/p/pfx.vpixl.com/u8u9X/clrtpod.com/m/mgln.ai/e/1118/arttrk.com/p/YMH00/traffic.megaphone.fm/YMH7838958603.mp3?updated=1707241952"
661492942,"Ep. 67 | 2 Bears 1 Cave w/ Tom Segura & Bert Kreischer","https://pdst.fm/e/pscrb.fm/rss/p/pfx.vpixl.com/u8u9X/clrtpod.com/m/mgln.ai/e/1118/arttrk.com/p/YMH00/traffic.megaphone.fm/YMH8363760893.mp3?updated=1707415472"
661492940,"Ep. 66 | 2 Bears 1 Cave w/ Tom Segura & Bert Kreischer","https://pdst.fm/e/pscrb.fm/rss/p/pfx.vpixl.com/u8u9X/clrtpod.com/m/mgln.ai/e/1118/arttrk.com/p/YMH00/traffic.megaphone.fm/YMH6285613616.mp3?updated=1707415634"
661492937,"Ep. 65 | 2 Bears 1 Cave w/ Tom Segura & Bert Kreischer","https://pdst.fm/e/pscrb.fm/rss/p/pfx.vpixl.com/u8u9X/clrtpod.com/m/mgln.ai/e/1118/arttrk.com/p/YMH00/traffic.megaphone.fm/YMH6029389078.mp3?updated=1707243041"
661492935,"Ep. 64 | 2 Bears 1 Cave w/ Tom Segura & Bert Kreischer","https://pdst.fm/e/pscrb.fm/rss/p/pfx.vpixl.com/u8u9X/clrtpod.com/m/mgln.ai/e/1118/arttrk.com/p/YMH00/traffic.megaphone.fm/YMH1070515752.mp3?updated=1707243189"
661492934,"Ep. 63 | 2 Bears 1 Cave w/ Tom Segura & Bert Kreischer","https://pdst.fm/e/pscrb.fm/rss/p/pfx.vpixl.com/u8u9X/clrtpod.com/m/mgln.ai/e/1118/arttrk.com/p/YMH00/traffic.megaphone.fm/YMH3205351279.mp3?updated=1707243357"
661492933,"Ep. 62 | 2 Bears 1 Cave w/ Dr. Drew & Bert Kreischer","https://pdst.fm/e/pscrb.fm/rss/p/pfx.vpixl.com/u8u9X/clrtpod.com/m/mgln.ai/e/1118/arttrk.com/p/YMH00/traffic.megaphone.fm/YMH1417593478.mp3?updated=1707243523"
661492931,"Ep. 61 | 2 Bears 1 Cave w/ Whitney Cummings & Bert Kreischer","https://pdst.fm/e/pscrb.fm/rss/p/pfx.vpixl.com/u8u9X/clrtpod.com/m/mgln.ai/e/1118/arttrk.com/p/YMH00/traffic.megaphone.fm/YMH3122819064.mp3?updated=1707243735"
661492929,"Ep. 60 | 2 Bears 1 Cave w/ Christina P & Bert Kreischer","https://pdst.fm/e/pscrb.fm/rss/p/pfx.vpixl.com/u8u9X/clrtpod.com/m/mgln.ai/e/1118/arttrk.com/p/YMH00/traffic.megaphone.fm/YMH5165417350.mp3?updated=1707243903"
661492926,"Ep. 59 | 2 Bears 1 Cave w/ Tom Segura & Bert Kreischer","https://pdst.fm/e/pscrb.fm/rss/p/pfx.vpixl.com/u8u9X/clrtpod.com/m/mgln.ai/e/1118/arttrk.com/p/YMH00/traffic.megaphone.fm/YMH4621733284.mp3?updated=1707244927"
661492924,"Ep. 58 | 2 Bears 1 Cave w/ Tom Segura & Bert Kreischer","https://pdst.fm/e/pscrb.fm/rss/p/pfx.vpixl.com/u8u9X/clrtpod.com/m/mgln.ai/e/1118/arttrk.com/p/YMH00/traffic.megaphone.fm/YMH6508530535.mp3?updated=1707245085"
661492921,"Ep. 57 | 2 Bears 1 Cave w/ Tom Segura & Bert Kreischer","https://pdst.fm/e/pscrb.fm/rss/p/pfx.vpixl.com/u8u9X/clrtpod.com/m/mgln.ai/e/1118/arttrk.com/p/YMH00/traffic.megaphone.fm/YMH1687618298.mp3?updated=1707245176"
661492920,"Ep. 56 | 2 Bears 1 Cave w/ Tom Segura & Bert Kreischer","https://pdst.fm/e/pscrb.fm/rss/p/pfx.vpixl.com/u8u9X/clrtpod.com/m/mgln.ai/e/1118/arttrk.com/p/YMH00/traffic.megaphone.fm/YMH1769141711.mp3?updated=1707415730"
661492913,"Ep. 55 | 2 Bears 1 Cave w/ Tom Segura & Bert Kreischer","https://pdst.fm/e/pscrb.fm/rss/p/pfx.vpixl.com/u8u9X/clrtpod.com/m/mgln.ai/e/1118/arttrk.com/p/YMH00/traffic.megaphone.fm/YMH2464854385.mp3?updated=1707415823"
661492907,"Ep. 54 | 2 Bears 1 Cave w/ Tom Segura & Tim Dillon","https://pdst.fm/e/pscrb.fm/rss/p/pfx.vpixl.com/u8u9X/clrtpod.com/m/mgln.ai/e/1118/arttrk.com/p/YMH00/traffic.megaphone.fm/YMH7686117834.mp3?updated=1707245879"
661492900,"Ep. 53 | 2 Bears 1 Cave w/ Tom Segura & Ryan Sickler","https://pdst.fm/e/pscrb.fm/rss/p/pfx.vpixl.com/u8u9X/clrtpod.com/m/mgln.ai/e/1118/arttrk.com/p/YMH00/traffic.megaphone.fm/YMH9859432060.mp3?updated=1707246099"
661492897,"Ep. 52 | 2 Bears 1 Cave w/ Tom Segura & Bert Kreischer","https://pdst.fm/e/pscrb.fm/rss/p/pfx.vpixl.com/u8u9X/clrtpod.com/m/mgln.ai/e/1118/arttrk.com/p/YMH00/traffic.megaphone.fm/YMH4547695244.mp3?updated=1707415920"
661492894,"Ep. 51 | 2 Bears 1 Cave w/ Tom Segura & Bert Kreischer","https://pdst.fm/e/pscrb.fm/rss/p/pfx.vpixl.com/u8u9X/clrtpod.com/m/mgln.ai/e/1118/arttrk.com/p/YMH00/traffic.megaphone.fm/YMH4633976268.mp3?updated=1707246272"
661492891,"Ep. 50 | 2 Bears 1 Cave w/ Tom Segura & Bert Kreischer","https://pdst.fm/e/pscrb.fm/rss/p/pfx.vpixl.com/u8u9X/clrtpod.com/m/mgln.ai/e/1118/arttrk.com/p/YMH00/traffic.megaphone.fm/YMH2446595500.mp3?updated=1707254965"
661492889,"Ep. 49 | 2 Bears 1 Cave w/ Tom Segura & Bert Kreischer","https://pdst.fm/e/pscrb.fm/rss/p/pfx.vpixl.com/u8u9X/clrtpod.com/m/mgln.ai/e/1118/arttrk.com/p/YMH00/traffic.megaphone.fm/YMH7598179109.mp3?updated=1707416045"
661492886,"Ep. 48 | 2 Bears 1 Cave w/ Tom Segura & Bobby Lee","https://pdst.fm/e/pscrb.fm/rss/p/pfx.vpixl.com/u8u9X/clrtpod.com/m/mgln.ai/e/1118/arttrk.com/p/YMH00/traffic.megaphone.fm/YMH7715041876.mp3?updated=1707255728"
661492885,"Ep. 47 | 2 Bears 1 Cave w/ Tom Segura & LeeAnn Kreischer","https://pdst.fm/e/pscrb.fm/rss/p/pfx.vpixl.com/u8u9X/clrtpod.com/m/mgln.ai/e/1118/arttrk.com/p/YMH00/traffic.megaphone.fm/YMH5026935126.mp3?updated=1707255814"
661492884,"Ep. 46 | 2 Bears 1 Cave w/ Tom Segura & Bert Kreischer","https://pdst.fm/e/pscrb.fm/rss/p/pfx.vpixl.com/u8u9X/clrtpod.com/m/mgln.ai/e/1118/arttrk.com/p/YMH00/traffic.megaphone.fm/YMH7513477263.mp3?updated=1707255990"
661492883,"Ep. 45 | 2 Bears 1 Cave w/ Tom Segura & Bert Kreischer","https://pdst.fm/e/pscrb.fm/rss/p/pfx.vpixl.com/u8u9X/clrtpod.com/m/mgln.ai/e/1118/arttrk.com/p/YMH00/traffic.megaphone.fm/YMH4476768048.mp3?updated=1707256174"
661492882,"Ep. 44 | 2 Bears 1 Cave w/ Tom Segura & Bert Kreischer","https://pdst.fm/e/pscrb.fm/rss/p/pfx.vpixl.com/u8u9X/clrtpod.com/m/mgln.ai/e/1118/arttrk.com/p/YMH00/traffic.megaphone.fm/YMH6621446607.mp3?updated=1707256337"
661492879,"Ep. 43 | 2 Bears 1 Cave w/ Tom Segura & Bert Kreischer","https://pdst.fm/e/pscrb.fm/rss/p/pfx.vpixl.com/u8u9X/clrtpod.com/m/mgln.ai/e/1118/arttrk.com/p/YMH00/traffic.megaphone.fm/YMH9699036486.mp3?updated=1707257968"
661492875,"Ep. 42 | 2 Bears 1 Cave w/ Tom Segura & Bert Kreischer","https://pdst.fm/e/pscrb.fm/rss/p/pfx.vpixl.com/u8u9X/clrtpod.com/m/mgln.ai/e/1118/arttrk.com/p/YMH00/traffic.megaphone.fm/YMH8430357060.mp3?updated=1703796879"
661492872,"Ep. 41 | 2 Bears 1 Cave w/ Tom Segura & Bert Kreischer","https://pdst.fm/e/pscrb.fm/rss/p/pfx.vpixl.com/u8u9X/clrtpod.com/m/mgln.ai/e/1118/arttrk.com/p/YMH00/traffic.megaphone.fm/YMH3275494723.mp3?updated=1707258197"
661492869,"Ep. 40 | 2 Bears 1 Cave w/ Tom Segura & Bert Kreischer","https://pdst.fm/e/pscrb.fm/rss/p/pfx.vpixl.com/u8u9X/clrtpod.com/m/mgln.ai/e/1118/arttrk.com/p/YMH00/traffic.megaphone.fm/YMH5517401956.mp3?updated=1707324003"
661492864,"Ep. 39 | 2 Bears 1 Cave w/ Tom Segura & Bert Kreischer","https://pdst.fm/e/pscrb.fm/rss/p/pfx.vpixl.com/u8u9X/clrtpod.com/m/mgln.ai/e/1118/arttrk.com/p/YMH00/traffic.megaphone.fm/YMH1596809100.mp3?updated=1707324364"
661492857,"Ep. 38 | 2 Bears 1 Cave w/ Tom Segura & Bert Kreischer","https://pdst.fm/e/pscrb.fm/rss/p/pfx.vpixl.com/u8u9X/clrtpod.com/m/mgln.ai/e/1118/arttrk.com/p/YMH00/traffic.megaphone.fm/YMH8800564486.mp3?updated=1707324768"
661492854,"Ep. 37 | 2 Bears 1 Cave w/ Tom Segura & Bert Kreischer","https://pdst.fm/e/pscrb.fm/rss/p/pfx.vpixl.com/u8u9X/clrtpod.com/m/mgln.ai/e/1118/arttrk.com/p/YMH00/traffic.megaphone.fm/YMH6392558344.mp3?updated=1707325003"
661492850,"Ep. 36 | 2 Bears 1 Cave w/ Tom Segura & Bert Kreischer","https://pdst.fm/e/pscrb.fm/rss/p/pfx.vpixl.com/u8u9X/clrtpod.com/m/mgln.ai/e/1118/arttrk.com/p/YMH00/traffic.megaphone.fm/YMH8306368383.mp3?updated=1707325473"
661492846,"Ep. 35 | 2 Bears 1 Cave w/ Tom Segura & Bert Kreischer","https://pdst.fm/e/pscrb.fm/rss/p/pfx.vpixl.com/u8u9X/clrtpod.com/m/mgln.ai/e/1118/arttrk.com/p/YMH00/traffic.megaphone.fm/YMH9674683178.mp3?updated=1707325764"
661492844,"Ep. 34 | 2 Bears 1 Cave w/ Tom Segura & Bert Kreischer","https://pdst.fm/e/pscrb.fm/rss/p/pfx.vpixl.com/u8u9X/clrtpod.com/m/mgln.ai/e/1118/arttrk.com/p/YMH00/traffic.megaphone.fm/YMH9176499565.mp3?updated=1707326035"
661492842,"Ep. 33 | 2 Bears 1 Cave w/ Tom Segura & Bert Kreischer","https://pdst.fm/e/pscrb.fm/rss/p/pfx.vpixl.com/u8u9X/clrtpod.com/m/mgln.ai/e/1118/arttrk.com/p/YMH00/traffic.megaphone.fm/YMH5505798646.mp3?updated=1707327787"
661492839,"Ep. 32 | 2 Bears 1 Cave w/ Tom Segura & Bert Kreischer","https://pdst.fm/e/pscrb.fm/rss/p/pfx.vpixl.com/u8u9X/clrtpod.com/m/mgln.ai/e/1118/arttrk.com/p/YMH00/traffic.megaphone.fm/YMH4743613298.mp3?updated=1707327906"
661492837,"Ep. 31 | 2 Bears 1 Cave w/ Tom Segura & Bert Kreischer","https://pdst.fm/e/pscrb.fm/rss/p/pfx.vpixl.com/u8u9X/clrtpod.com/m/mgln.ai/e/1118/arttrk.com/p/YMH00/traffic.megaphone.fm/YMH5952666510.mp3?updated=1707328168"
661492834,"Ep. 30 | 2 Bears 1 Cave w/ Tom Segura & Bert Kreischer","https://pdst.fm/e/pscrb.fm/rss/p/pfx.vpixl.com/u8u9X/clrtpod.com/m/mgln.ai/e/1118/arttrk.com/p/YMH00/traffic.megaphone.fm/YMH9856166314.mp3?updated=1707328383"
661492831,"Ep. 29 | 2 Bears 1 Cave w/ Tom Segura & Bert Kreischer","https://pdst.fm/e/pscrb.fm/rss/p/pfx.vpixl.com/u8u9X/clrtpod.com/m/mgln.ai/e/1118/arttrk.com/p/YMH00/traffic.megaphone.fm/YMH6452365651.mp3?updated=1707328534"
661492828,"Ep. 28 | 2 Bears 1 Cave w/ Tom Segura & Bert Kreischer","https://pdst.fm/e/pscrb.fm/rss/p/pfx.vpixl.com/u8u9X/clrtpod.com/m/mgln.ai/e/1118/arttrk.com/p/YMH00/traffic.megaphone.fm/YMH5162857240.mp3?updated=1707333547"
661492825,"Ep. 27 | 2 Bears 1 Cave w/ Tom Segura & Bert Kreischer","https://pdst.fm/e/pscrb.fm/rss/p/pfx.vpixl.com/u8u9X/clrtpod.com/m/mgln.ai/e/1118/arttrk.com/p/YMH00/traffic.megaphone.fm/YMH1072919296.mp3?updated=1707334454"
661492824,"Ep. 26 | 2 Bears 1 Cave w/ Tom Segura & Bert Kreischer","https://pdst.fm/e/pscrb.fm/rss/p/pfx.vpixl.com/u8u9X/clrtpod.com/m/mgln.ai/e/1118/arttrk.com/p/YMH00/traffic.megaphone.fm/YMH9912648633.mp3?updated=1707335201"
661492821,"Ep. 25 | 2 Bears 1 Cave w/ Tom Segura & Bert Kreischer","https://pdst.fm/e/pscrb.fm/rss/p/pfx.vpixl.com/u8u9X/clrtpod.com/m/mgln.ai/e/1118/arttrk.com/p/YMH00/traffic.megaphone.fm/YMH9763612247.mp3?updated=1707335191"
661492818,"Ep. 24 | 2 Bears 1 Cave w/ Tom Segura & Bert Kreischer","https://pdst.fm/e/pscrb.fm/rss/p/pfx.vpixl.com/u8u9X/clrtpod.com/m/mgln.ai/e/1118/arttrk.com/p/YMH00/traffic.megaphone.fm/YMH3811978673.mp3?updated=1707335236"
661492816,"Ep. 23 | 2 Bears 1 Cave w/ Tom Segura & Bert Kreischer","https://pdst.fm/e/pscrb.fm/rss/p/pfx.vpixl.com/u8u9X/clrtpod.com/m/mgln.ai/e/1118/arttrk.com/p/YMH00/traffic.megaphone.fm/YMH7636096362.mp3?updated=1707335493"
661492815,"Ep. 22 | 2 Bears 1 Cave w/ Tom Segura & Bert Kreischer","https://pdst.fm/e/pscrb.fm/rss/p/pfx.vpixl.com/u8u9X/clrtpod.com/m/mgln.ai/e/1118/arttrk.com/p/YMH00/traffic.megaphone.fm/YMH2434213664.mp3?updated=1707336414"
661492814,"Ep. 21 | 2 Bears 1 Cave w/ Tom Segura & Bert Kreischer","https://pdst.fm/e/pscrb.fm/rss/p/pfx.vpixl.com/u8u9X/clrtpod.com/m/mgln.ai/e/1118/arttrk.com/p/YMH00/traffic.megaphone.fm/YMH2468281936.mp3?updated=1707336625"
661492813,"Ep. 20 | 2 Bears 1 Cave w/ Tom Segura & Bert Kreischer","https://pdst.fm/e/pscrb.fm/rss/p/pfx.vpixl.com/u8u9X/clrtpod.com/m/mgln.ai/e/1118/arttrk.com/p/YMH00/traffic.megaphone.fm/YMH4925497718.mp3?updated=1707336821"
661492811,"Ep. 19 | 2 Bears 1 Cave w/ Tom Segura & Bert Kreischer","https://pdst.fm/e/pscrb.fm/rss/p/pfx.vpixl.com/u8u9X/clrtpod.com/m/mgln.ai/e/1118/arttrk.com/p/YMH00/traffic.megaphone.fm/YMH2910111835.mp3?updated=1707337162"
661492808,"Ep. 18 | 2 Bears 1 Cave w/ Tom Segura & Bert Kreischer","https://pdst.fm/e/pscrb.fm/rss/p/pfx.vpixl.com/u8u9X/clrtpod.com/m/mgln.ai/e/1118/arttrk.com/p/YMH00/traffic.megaphone.fm/YMH9535232122.mp3?updated=1707337269"
661492806,"Ep. 17 | 2 Bears 1 Cave w/ Tom Segura & Bert Kreischer","https://pdst.fm/e/pscrb.fm/rss/p/pfx.vpixl.com/u8u9X/clrtpod.com/m/mgln.ai/e/1118/arttrk.com/p/YMH00/traffic.megaphone.fm/YMH7957741334.mp3?updated=1707337458"
661492805,"Ep. 16 | 2 Bears 1 Cave w/ Tom Segura & Bert Kreischer","https://pdst.fm/e/pscrb.fm/rss/p/pfx.vpixl.com/u8u9X/clrtpod.com/m/mgln.ai/e/1118/arttrk.com/p/YMH00/traffic.megaphone.fm/YMH6340917825.mp3?updated=1707337642"
661492804,"Ep. 15 | 2 Bears 1 Cave w/ Tom Segura & Bert Kreischer","https://pdst.fm/e/pscrb.fm/rss/p/pfx.vpixl.com/u8u9X/clrtpod.com/m/mgln.ai/e/1118/arttrk.com/p/YMH00/traffic.megaphone.fm/YMH8127230622.mp3?updated=1707338421"
661492802,"Ep. 14 | 2 Bears 1 Cave w/ Tom Segura & Bert Kreischer","https://pdst.fm/e/pscrb.fm/rss/p/pfx.vpixl.com/u8u9X/clrtpod.com/m/mgln.ai/e/1118/arttrk.com/p/YMH00/traffic.megaphone.fm/YMH9560340522.mp3?updated=1707338579"
661492801,"Ep. 13 - 2 Bears 1 Cave 2 w/ Tom Segura & Bert Kreischer","https://pdst.fm/e/pscrb.fm/rss/p/pfx.vpixl.com/u8u9X/clrtpod.com/m/mgln.ai/e/1118/arttrk.com/p/YMH00/traffic.megaphone.fm/YMH8353589101.mp3?updated=1707338868"
661492800,"Ep. 12 - 2 Bears 1 Cave 2 w/ Bert & LeeAnn Kreischer","https://pdst.fm/e/pscrb.fm/rss/p/pfx.vpixl.com/u8u9X/clrtpod.com/m/mgln.ai/e/1118/arttrk.com/p/YMH00/traffic.megaphone.fm/YMH9803206312.mp3?updated=1707339150"
661492799,"Ep. 11 - 2 Bears 1 Cave 2 w/ Tom Segura & Bert Kreischer","https://pdst.fm/e/pscrb.fm/rss/p/pfx.vpixl.com/u8u9X/clrtpod.com/m/mgln.ai/e/1118/arttrk.com/p/YMH00/traffic.megaphone.fm/YMH1715593022.mp3?updated=1707339959"
661492798,"Ep. 10 - 2 Bears 1 Cave 2 w/ Tom Segura & Bert Kreischer","https://pdst.fm/e/pscrb.fm/rss/p/pfx.vpixl.com/u8u9X/clrtpod.com/m/mgln.ai/e/1118/arttrk.com/p/YMH00/traffic.megaphone.fm/YMH9075037461.mp3?updated=1707340184"
661492797,"Ep. 09 - 2 Bears 1 Cave 2 w/ Tom Segura & Bert Kreischer","https://pdst.fm/e/pscrb.fm/rss/p/pfx.vpixl.com/u8u9X/clrtpod.com/m/mgln.ai/e/1118/arttrk.com/p/YMH00/traffic.megaphone.fm/YMH6880707862.mp3?updated=1707340493"
661492789,"Ep. 08 - 2 Bears 1 Cave 2 w/ Tom Segura & Bert Kreischer","https://pdst.fm/e/pscrb.fm/rss/p/pfx.vpixl.com/u8u9X/clrtpod.com/m/mgln.ai/e/1118/arttrk.com/p/YMH00/traffic.megaphone.fm/YMH4918734006.mp3?updated=1707340807"
661492788,"Ep. 07 - 2 Bears 1 Cave 2 w/ Tom Segura & Bert Kreischer","https://pdst.fm/e/pscrb.fm/rss/p/pfx.vpixl.com/u8u9X/clrtpod.com/m/mgln.ai/e/1118/arttrk.com/p/YMH00/traffic.megaphone.fm/YMH8777504146.mp3?updated=1707341171"
661492781,"Ep. 06 - 2 Bears 1 Cave 2 w/ Tom Segura & Bert Kreischer","https://pdst.fm/e/pscrb.fm/rss/p/pfx.vpixl.com/u8u9X/clrtpod.com/m/mgln.ai/e/1118/arttrk.com/p/YMH00/traffic.megaphone.fm/YMH1903732205.mp3?updated=1707341252"
661492779,"Ep. 05 | 2 Bears 1 Cave w/ Tom Segura & Bert Kreischer","https://pdst.fm/e/pscrb.fm/rss/p/pfx.vpixl.com/u8u9X/clrtpod.com/m/mgln.ai/e/1118/arttrk.com/p/YMH00/traffic.megaphone.fm/YMH5030120540.mp3?updated=1707341723"
661492778,"Ep. 04 - 2 Bears 1 Cave 2 w/ Tom Segura & Bert Kreischer","https://pdst.fm/e/pscrb.fm/rss/p/pfx.vpixl.com/u8u9X/clrtpod.com/m/mgln.ai/e/1118/arttrk.com/p/YMH00/traffic.megaphone.fm/YMH1463324472.mp3?updated=1707341742"
661492776,"Ep. 03 - 2 Bears 1 Cave 2w/ Tom Segura & Bert Kreischer","https://pdst.fm/e/pscrb.fm/rss/p/pfx.vpixl.com/u8u9X/clrtpod.com/m/mgln.ai/e/1118/arttrk.com/p/YMH00/traffic.megaphone.fm/YMH2918758287.mp3?updated=1707341865"
661492774,"Ep. 02 - 2 Bears 1 Cave 2w/ Tom Segura & Bert Kreischer","https://pdst.fm/e/pscrb.fm/rss/p/pfx.vpixl.com/u8u9X/clrtpod.com/m/mgln.ai/e/1118/arttrk.com/p/YMH00/traffic.megaphone.fm/YMH6980317673.mp3?updated=1707416103"
661492773,"Ep. 01 - 2 Bears 1 Cave 2w/ Tom Segura & Bert Kreischer","https://pdst.fm/e/pscrb.fm/rss/p/pfx.vpixl.com/u8u9X/clrtpod.com/m/mgln.ai/e/1118/arttrk.com/p/YMH00/traffic.megaphone.fm/YMH2492952188.mp3?updated=1707342018"
661492771,"2 Bears 1 Cave w/ Tom Segura & Bert Kreischer Intro","https://pdst.fm/e/pscrb.fm/rss/p/pfx.vpixl.com/u8u9X/clrtpod.com/m/mgln.ai/e/1118/arttrk.com/p/YMH00/traffic.megaphone.fm/YMH5266077296.mp3?updated=1702496762"